Feature,Score_F
spectral_rolloff,1883.3632275904524
mfcc_1,1164.7731970749603
chroma_stft,684.0922004266858
spectral_centroid,639.0391397111722
spectral_bandwidth,620.5640724103066
zero_crossing_rate,597.174007300253
energy,564.3132325900262
mfcc_2,167.41110981133397
mfcc_3,51.145472280131436
